id,first_name,last_name,age,gender,email
1,Susette,Lavelle,78,Female,slavelle0@stanford.edu
2,Beryl,Charlwood,46,Female,bcharlwood1@weebly.com
3,Melosa,Juppe,37,Female,mjuppe2@cyberchimps.com
4,Chan,Wilflinger,73,Male,cwilflinger3@sitemeter.com
5,Prinz,Foard,30,Male,pfoard4@twitter.com
6,Constantine,Steart,50,Male,csteart5@sciencedirect.com
7,Carmel,Bestman,80,Female,cbestman6@artisteer.com
8,Zena,Van Leijs,75,Female,zvanleijs7@mtv.com
9,Jobie,Patifield,55,Female,jpatifield8@boston.com
10,Liva,Berka,58,Female,lberka9@goo.ne.jp
11,Mireielle,Guirau,77,Female,mguiraua@apache.org
12,Poul,Bette,61,Male,pbetteb@wikia.com
13,Geoff,Gaize,57,Male,ggaizec@mashable.com
14,Rabi,Pritchett,47,Male,rpritchettd@msn.com
15,Sibby,Loadwick,44,Female,sloadwicke@infoseek.co.jp
16,Ulrick,Hasel,32,Male,uhaself@illinois.edu
17,Nate,Sausman,67,Male,nsausmang@elegantthemes.com
18,Kirstin,Tenbrug,38,Female,ktenbrugh@globo.com
19,Jaymie,Sissens,58,Male,jsissensi@home.pl
20,Marleah,Lowfill,24,Female,mlowfillj@ucla.edu
21,Claudian,Schulz,65,Male,cschulzk@indiatimes.com
22,Rutherford,Goodin,66,Male,rgoodinl@blogger.com
23,Dorie,Tubb,65,Male,dtubbm@cnn.com
24,Raychel,Petticrow,70,Female,rpetticrown@w3.org
25,Kingston,Snoddin,36,Male,ksnoddino@elegantthemes.com
26,Buck,Labdon,57,Male,blabdonp@alexa.com
27,Parnell,Grinsdale,69,Male,pgrinsdaleq@wiley.com
28,Rosco,Franz-Schoninger,23,Male,rfranzschoningerr@godaddy.com
29,Kalie,Rudgley,56,Female,krudgleys@blinklist.com
30,Merrick,Melville,59,Male,mmelvillet@mail.ru
31,Del,Chapling,83,Male,dchaplingu@hud.gov
32,Edwina,Wingate,80,Female,ewingatev@lulu.com
33,Rozanna,Loosely,30,Female,rlooselyw@github.io
34,Sinclare,Hedditch,58,Male,shedditchx@webeden.co.uk
35,Johnath,Bedow,37,Female,jbedowy@smh.com.au
36,Jerrie,Kenningley,49,Male,jkenningleyz@blogs.com
37,Elga,Seebert,43,Female,eseebert10@abc.net.au
38,Morissa,Absalom,42,Female,mabsalom11@cornell.edu
39,Lark,Lafontaine,32,Female,llafontaine12@friendfeed.com
40,Kerby,Doull,37,Male,kdoull13@seesaa.net
41,Sebastian,Dixson,50,Male,sdixson14@networksolutions.com
42,Willi,Tuxell,63,Female,wtuxell15@newsvine.com
43,Clarey,Balcers,59,Female,cbalcers16@pcworld.com
44,Evangelin,Elis,31,Female,eelis17@columbia.edu
45,Bessie,Bullard,61,Female,bbullard18@dyndns.org
46,Lisbeth,Booton,64,Female,lbooton19@amazon.com
47,Kessia,Donson,43,Female,kdonson1a@nhs.uk
48,Eal,Hounsom,56,Male,ehounsom1b@washingtonpost.com
49,Nada,Strauss,40,Female,nstrauss1c@chicagotribune.com
50,Roselia,Muselli,74,Female,rmuselli1d@army.mil
51,Coletta,Rixon,69,Female,crixon1e@tuttocitta.it
52,Phyllys,Binham,43,Female,pbinham1f@nature.com
53,Arabella,Watton,74,Female,awatton1g@privacy.gov.au
54,Retha,Caveau,34,Female,rcaveau1h@va.gov
55,Lawton,Hallawell,28,Male,lhallawell1i@multiply.com
56,Rafa,Skedgell,35,Female,rskedgell1j@altervista.org
57,Newton,Yitzovicz,47,Male,nyitzovicz1k@booking.com
58,Breanne,Caile,36,Female,bcaile1l@independent.co.uk
59,Shermie,Pether,63,Male,spether1m@merriam-webster.com
60,Dannie,Voce,51,Female,dvoce1n@cnn.com
61,Valida,Iseton,19,Female,viseton1o@amazon.de
62,Alphonso,Wybrow,55,Male,awybrow1p@is.gd
63,Shurwood,Eddleston,38,Male,seddleston1q@hao123.com
64,Sherie,Coope,38,Female,scoope1r@hostgator.com
65,Lyn,Kenwell,72,Male,lkenwell1s@ezinearticles.com
66,Zollie,Filipczynski,55,Male,zfilipczynski1t@nbcnews.com
67,Sinclair,Lemery,35,Male,slemery1u@loc.gov
68,Karel,Espadater,79,Female,kespadater1v@mayoclinic.com
69,Maurene,Nolli,27,Female,mnolli1w@prlog.org
70,Cob,McAusland,65,Male,cmcausland1x@webmd.com
71,Marcella,Pountney,80,Female,mpountney1y@toplist.cz
72,Jennica,Stiegars,85,Female,jstiegars1z@washington.edu
73,Shelbi,Tingcomb,55,Female,stingcomb20@sogou.com
74,Dacey,Ick,33,Female,dick21@google.fr
75,Bernadina,Gave,37,Female,bgave22@shutterfly.com
76,Marlin,Tough,76,Male,mtough23@github.com
77,Rheba,Willerton,65,Female,rwillerton24@unc.edu
78,Patrice,Frow,43,Male,pfrow25@so-net.ne.jp
79,Irv,Mathe,24,Male,imathe26@oracle.com
80,Kendell,Sussans,48,Male,ksussans27@zimbio.com
81,Decca,Jirousek,64,Male,djirousek28@archive.org
82,Svend,Dawson,28,Male,sdawson29@elegantthemes.com
83,Pamella,Heaker,25,Female,pheaker2a@dailymail.co.uk
84,Reamonn,Gwinn,35,Male,rgwinn2b@shutterfly.com
85,Kippie,Wilbraham,80,Male,kwilbraham2c@people.com.cn
86,Archambault,Torrejon,72,Male,atorrejon2d@mozilla.org
87,Gard,Regi,69,Male,gregi2e@so-net.ne.jp
88,Nerte,Robottom,68,Female,nrobottom2f@hubpages.com
89,Filberte,Mathiasen,43,Male,fmathiasen2g@apache.org
90,Whittaker,Bullene,59,Male,wbullene2h@auda.org.au
91,Ingrim,Fassam,81,Male,ifassam2i@virginia.edu
92,Murvyn,Hadye,49,Male,mhadye2j@hc360.com
93,Donnie,Boughtflower,50,Female,dboughtflower2k@amazon.de
94,Cairistiona,Malcher,43,Female,cmalcher2l@webeden.co.uk
95,Bron,Casotti,62,Male,bcasotti2m@google.com.hk
96,Maxi,Dunford,30,Female,mdunford2n@merriam-webster.com
97,Wald,Antrum,76,Male,wantrum2o@nih.gov
98,Demetria,Braddock,70,Female,dbraddock2p@samsung.com
99,Barnett,Grinsted,33,Male,bgrinsted2q@alibaba.com
100,Pren,Ciementini,69,Male,pciementini2r@opera.com
101,Brinn,Joisce,54,Female,bjoisce2s@delicious.com
102,Dinah,Beaufoy,42,Female,dbeaufoy2t@google.de
103,Cherrita,Iacoboni,64,Female,ciacoboni2u@csmonitor.com
104,Magda,Lively,66,Female,mlively2v@microsoft.com
105,Meade,Ramelot,75,Female,mramelot2w@123-reg.co.uk
106,Kit,Waiton,18,Male,kwaiton2x@hao123.com
107,Dynah,McCaskell,25,Female,dmccaskell2y@wix.com
108,Torin,Grey,65,Male,tgrey2z@gravatar.com
109,Shae,Walcar,40,Male,swalcar30@discovery.com
110,Victoria,Ainge,83,Female,vainge31@vinaora.com
111,Jamie,Carlesi,54,Male,jcarlesi32@vk.com
112,Brade,Lawrance,85,Male,blawrance33@biblegateway.com
113,Sibyl,Gatesman,63,Female,sgatesman34@auda.org.au
114,Zelig,Scutter,74,Male,zscutter35@army.mil
115,Packston,Zylbermann,43,Male,pzylbermann36@latimes.com
116,Ashien,Storrs,73,Female,astorrs37@washingtonpost.com
117,Joyann,Brave,62,Female,jbrave38@comsenz.com
118,Viv,Farahar,78,Female,vfarahar39@ucsd.edu
119,Adela,Found,70,Female,afound3a@instagram.com
120,Verna,Gawler,63,Female,vgawler3b@independent.co.uk
121,Tildi,Crammy,71,Female,tcrammy3c@mit.edu
122,Georgie,Dyett,72,Male,gdyett3d@wp.com
123,Celka,Scimone,20,Female,cscimone3e@flavors.me
124,Irv,Dumbreck,22,Male,idumbreck3f@nifty.com
125,Neila,Piola,53,Female,npiola3g@woothemes.com
126,Lilllie,Gencke,50,Female,lgencke3h@mysql.com
127,Lonnard,Benzies,26,Male,lbenzies3i@jiathis.com
128,Farrel,Whitebrook,82,Male,fwhitebrook3j@cisco.com
129,Josephina,Natte,58,Female,jnatte3k@washingtonpost.com
130,Drusie,Lighten,69,Female,dlighten3l@unblog.fr
131,Karen,Rieger,58,Female,krieger3m@instagram.com
132,Korie,Burley,20,Female,kburley3n@seesaa.net
133,Jocelin,Heinzler,35,Female,jheinzler3o@upenn.edu
134,Gauthier,Bettington,32,Male,gbettington3p@weather.com
135,Franciska,Murdoch,21,Female,fmurdoch3q@usa.gov
136,Angel,Alforde,51,Male,aalforde3r@arizona.edu
137,Byrom,Akhurst,28,Male,bakhurst3s@nba.com
138,Heall,Scampion,36,Male,hscampion3t@tiny.cc
139,Alvina,Semrad,39,Female,asemrad3u@vimeo.com
140,Carolynn,Cobson,69,Female,ccobson3v@spotify.com
141,Blythe,Viney,31,Female,bviney3w@adobe.com
142,Reinaldo,Allenby,34,Male,rallenby3x@purevolume.com
143,Nola,Rodolfi,40,Female,nrodolfi3y@slashdot.org
144,Brice,Gleaves,74,Male,bgleaves3z@woothemes.com
145,Merrick,Maggiori,54,Male,mmaggiori40@simplemachines.org
146,Nicolette,Cranmor,66,Female,ncranmor41@dyndns.org
147,Niki,Wason,69,Female,nwason42@irs.gov
148,Zacharia,Wyss,36,Male,zwyss43@ovh.net
149,Lemmy,Scritch,66,Male,lscritch44@issuu.com
150,Chrissy,Alflat,65,Female,calflat45@opensource.org
151,Hill,Busch,29,Male,hbusch46@yellowbook.com
152,Nissa,Mulloch,70,Female,nmulloch47@godaddy.com
153,Odella,Filipyev,25,Female,ofilipyev48@si.edu
154,Far,Grishakov,28,Male,fgrishakov49@discovery.com
155,Hunter,Rouse,67,Male,hrouse4a@sun.com
156,Cullin,Pescott,47,Male,cpescott4b@aol.com
157,Hyacinthia,Tankin,55,Female,htankin4c@businessweek.com
158,Ganny,Tumbridge,43,Male,gtumbridge4d@tmall.com
159,Robbie,Karolczyk,23,Female,rkarolczyk4e@bbc.co.uk
160,Aloisia,Stott,80,Female,astott4f@youku.com
161,Waylin,Waszczyk,78,Male,wwaszczyk4g@si.edu
162,Lucy,Strephan,31,Female,lstrephan4h@mac.com
163,Rice,Fake,27,Male,rfake4i@mapy.cz
164,Mella,Bowgen,29,Female,mbowgen4j@flavors.me
165,Emili,Gribben,27,Female,egribben4k@cnn.com
166,Inglis,Jakoviljevic,59,Male,ijakoviljevic4l@studiopress.com
167,Amargo,Crotty,41,Female,acrotty4m@microsoft.com
168,Kelsy,Maber,23,Female,kmaber4n@statcounter.com
169,Bastian,Guerrazzi,24,Male,bguerrazzi4o@wikispaces.com
170,Ennis,Botwright,76,Male,ebotwright4p@dailymail.co.uk
171,Goldie,Murney,50,Female,gmurney4q@sfgate.com
172,Hogan,Conway,60,Male,hconway4r@amazon.co.uk
173,Eveline,Leggis,22,Female,eleggis4s@tmall.com
174,Lindie,Paske,19,Female,lpaske4t@theguardian.com
175,Betta,Pardew,26,Female,bpardew4u@nps.gov
176,Bernadette,McCarron,68,Female,bmccarron4v@google.cn
177,Franni,Lergan,34,Female,flergan4w@marketwatch.com
178,James,Dummigan,80,Male,jdummigan4x@mit.edu
179,Loutitia,Cleugher,67,Female,lcleugher4y@irs.gov
180,Norah,O'Cooney,32,Female,nocooney4z@ning.com
181,Mario,Angear,35,Male,mangear50@yandex.ru
182,Nathan,Hoyes,43,Male,nhoyes51@studiopress.com
183,Bondy,Cawsy,65,Male,bcawsy52@pinterest.com
184,Martha,Crampton,43,Female,mcrampton53@theguardian.com
185,Leighton,Courtes,44,Male,lcourtes54@tinypic.com
186,Jorie,Dewitt,81,Female,jdewitt55@t-online.de
187,Godard,Tixier,30,Male,gtixier56@epa.gov
188,Joanna,Hunnisett,41,Female,jhunnisett57@storify.com
189,Pauly,Chaperling,23,Male,pchaperling58@prlog.org
190,Morley,Ilyushkin,47,Male,milyushkin59@narod.ru
191,Elvira,Caitlin,43,Female,ecaitlin5a@auda.org.au
192,Tanhya,Neely,52,Female,tneely5b@cnn.com
193,Darrel,Dunsmuir,47,Male,ddunsmuir5c@seesaa.net
194,Alexandr,Curme,85,Male,acurme5d@amazon.de
195,Nickolai,Axelbee,83,Male,naxelbee5e@nymag.com
196,Anjanette,Mordie,20,Female,amordie5f@va.gov
197,Kirsteni,Danev,69,Female,kdanev5g@jugem.jp
198,Edgard,Starkings,36,Male,estarkings5h@g.co
199,Paulina,Rayhill,25,Female,prayhill5i@gravatar.com
200,Pammy,Ridde,61,Female,pridde5j@zimbio.com
201,Andras,Wisson,39,Male,awisson5k@alibaba.com
202,Elka,Sleigh,36,Female,esleigh5l@japanpost.jp
203,Mathian,Doud,66,Male,mdoud5m@nhs.uk
204,Jeremy,Permain,29,Male,jpermain5n@mac.com
205,Phyllys,Roeby,22,Female,proeby5o@marketwatch.com
206,Cecilius,Noades,70,Male,cnoades5p@squidoo.com
207,Kaylee,Fenton,52,Female,kfenton5q@google.ca
208,Marcelle,Reeday,52,Female,mreeday5r@sohu.com
209,Adelbert,Volett,59,Male,avolett5s@usda.gov
210,Claiborn,Facey,74,Male,cfacey5t@acquirethisname.com
211,Sherwynd,Whimpenny,64,Male,swhimpenny5u@twitter.com
212,Xylina,Mariner,30,Female,xmariner5v@harvard.edu
213,Mersey,Leyman,37,Female,mleyman5w@prweb.com
214,Daniel,Kittman,53,Male,dkittman5x@hp.com
215,Orland,Buesnel,39,Male,obuesnel5y@wsj.com
216,Alisa,Demicoli,37,Female,ademicoli5z@hugedomains.com
217,Elvira,Guile,36,Female,eguile60@gmpg.org
218,Anselma,Boor,41,Female,aboor61@google.co.jp
219,Sherlocke,Merigot,41,Male,smerigot62@odnoklassniki.ru
220,Ali,Abrahmson,48,Male,aabrahmson63@usnews.com
221,Galvin,Benoist,35,Male,gbenoist64@google.fr
222,Colette,Dearman,45,Female,cdearman65@cam.ac.uk
223,Zak,Duetschens,31,Male,zduetschens66@yahoo.com
224,Elliott,Hungerford,34,Male,ehungerford67@state.tx.us
225,Lisabeth,Roughley,19,Female,lroughley68@nps.gov
226,Garth,Pilling,64,Male,gpilling69@vkontakte.ru
227,Farrah,Kenningham,35,Female,fkenningham6a@taobao.com
228,Livy,Standidge,72,Female,lstandidge6b@cnbc.com
229,Glendon,Eadie,21,Male,geadie6c@scientificamerican.com
230,Daisy,Arndell,63,Female,darndell6d@shareasale.com
231,Cyndi,Glinde,46,Female,cglinde6e@bbb.org
232,Alexandros,Stellin,85,Male,astellin6f@yellowpages.com
233,Bondy,Piff,33,Male,bpiff6g@quantcast.com
234,Keir,Letessier,31,Male,kletessier6h@statcounter.com
235,Jocko,Houdmont,43,Male,jhoudmont6i@blinklist.com
236,Berkley,Bellefonte,53,Male,bbellefonte6j@usgs.gov
237,Nappy,Gumbley,32,Male,ngumbley6k@weebly.com
238,Cornelle,Campelli,57,Female,ccampelli6l@twitpic.com
239,Sanderson,Garriock,24,Male,sgarriock6m@naver.com
240,Angelina,Degoy,24,Female,adegoy6n@lycos.com
241,Shawn,Goldstein,58,Female,sgoldstein6o@about.com
242,Natalee,Elsop,69,Female,nelsop6p@arstechnica.com
243,Desi,Dewar,32,Male,ddewar6q@webnode.com
244,Howey,Drillingcourt,20,Male,hdrillingcourt6r@i2i.jp
245,Nicolis,Margaritelli,63,Male,nmargaritelli6s@goodreads.com
246,Gianna,Colenutt,30,Female,gcolenutt6t@apple.com
247,Althea,Trillo,42,Female,atrillo6u@netvibes.com
248,Elladine,Husbands,45,Female,ehusbands6v@cloudflare.com
249,Elladine,Laugharne,84,Female,elaugharne6w@acquirethisname.com
250,Jaimie,Reach,77,Male,jreach6x@godaddy.com
251,Boniface,Kille,27,Male,bkille6y@github.com
252,Jared,Dennitts,62,Male,jdennitts6z@vk.com
253,Marketa,Mattaser,40,Female,mmattaser70@sakura.ne.jp
254,Maude,Langmaid,69,Female,mlangmaid71@si.edu
255,Gerhardt,Folan,76,Male,gfolan72@europa.eu
256,Travis,Guidera,50,Male,tguidera73@twitter.com
257,Jonas,Volante,78,Male,jvolante74@chronoengine.com
258,Sven,Hudspith,26,Male,shudspith75@flavors.me
259,Clement,Cubberley,46,Male,ccubberley76@sphinn.com
260,Shurwood,Preddy,22,Male,spreddy77@squidoo.com
261,Dillie,Whatley,57,Male,dwhatley78@hc360.com
262,Sibyl,Dottridge,33,Male,sdottridge79@csmonitor.com
263,Alley,Tonsley,68,Male,atonsley7a@java.com
264,Rozalin,Sapena,24,Female,rsapena7b@bloglovin.com
265,Cordy,Wastall,50,Female,cwastall7c@blinklist.com
266,Storm,Pennoni,70,Female,spennoni7d@trellian.com
267,Claudie,Cominello,55,Female,ccominello7e@amazonaws.com
268,Durward,Gittins,27,Male,dgittins7f@vistaprint.com
269,Mart,Bordessa,55,Male,mbordessa7g@alibaba.com
270,Lauren,Scripture,68,Female,lscripture7h@yandex.ru
271,Dan,Benoi,53,Male,dbenoi7i@shutterfly.com
272,Wylie,Plumstead,49,Male,wplumstead7j@time.com
273,Bessie,Titmus,54,Female,btitmus7k@answers.com
274,Jaymie,Towns,18,Male,jtowns7l@dmoz.org
275,Nowell,Sheekey,18,Male,nsheekey7m@ucoz.ru
276,Kelsi,Ing,78,Female,king7n@ox.ac.uk
277,Jewell,Mowlam,27,Female,jmowlam7o@vk.com
278,Andeee,Flamank,18,Female,aflamank7p@netvibes.com
279,Berton,Raybould,29,Male,braybould7q@va.gov
280,Laure,Jebb,29,Female,ljebb7r@prnewswire.com
281,Kristin,Bygott,85,Female,kbygott7s@earthlink.net
282,Brian,Mazella,34,Male,bmazella7t@wikimedia.org
283,Dael,Gyurkovics,21,Male,dgyurkovics7u@zdnet.com
284,Eleanor,Chalcot,74,Female,echalcot7v@addtoany.com
285,Bernelle,Erdes,52,Female,berdes7w@columbia.edu
286,Valle,Gadney,36,Male,vgadney7x@seesaa.net
287,Aldus,Duckerin,45,Male,aduckerin7y@cpanel.net
288,Carine,Scraggs,76,Female,cscraggs7z@adobe.com
289,Ryley,Vagg,81,Male,rvagg80@upenn.edu
290,Adelind,Girkins,38,Female,agirkins81@cnbc.com
291,Forester,Sloan,30,Male,fsloan82@wordpress.com
292,Ingaberg,Blyde,44,Female,iblyde83@infoseek.co.jp
293,Dolley,Piborn,63,Female,dpiborn84@pcworld.com
294,Saundra,Jervoise,29,Female,sjervoise85@seattletimes.com
295,Paul,Vannacci,39,Male,pvannacci86@pagesperso-orange.fr
296,Lacy,MacKibbon,34,Female,lmackibbon87@cnbc.com
297,Pedro,Strowan,72,Male,pstrowan88@indiegogo.com
298,Chloris,Cozens,68,Female,ccozens89@livejournal.com
299,Darnell,Please,21,Male,dplease8a@1und1.de
300,Adriaens,Kohn,26,Female,akohn8b@purevolume.com
301,Meryl,Akram,79,Male,makram8c@cloudflare.com
302,Darryl,Cribbins,57,Male,dcribbins8d@sfgate.com
303,Alessandro,Brunton,47,Male,abrunton8e@weather.com
304,Lilia,Hurling,29,Female,lhurling8f@indiatimes.com
305,Fidelity,Bleythin,47,Female,fbleythin8g@google.ca
306,Saree,Mathevon,73,Female,smathevon8h@usnews.com
307,Jordain,Tissington,22,Female,jtissington8i@printfriendly.com
308,Mame,Webb,85,Female,mwebb8j@liveinternet.ru
309,Trace,Rodolphe,49,Male,trodolphe8k@nasa.gov
310,Bernette,Canland,53,Female,bcanland8l@facebook.com
311,Damien,Peachment,28,Male,dpeachment8m@ox.ac.uk
312,Guthrey,Romanin,77,Male,gromanin8n@deviantart.com
313,Ceciley,Abadam,73,Female,cabadam8o@apple.com
314,Gina,McLese,39,Female,gmclese8p@cam.ac.uk
315,Terri-jo,Ballham,82,Female,tballham8q@pcworld.com
316,Gene,Livesay,75,Female,glivesay8r@guardian.co.uk
317,Frants,Mynard,63,Male,fmynard8s@youtu.be
318,Sonnie,Tuminini,50,Male,stuminini8t@ibm.com
319,Sawyer,Waskett,37,Male,swaskett8u@ehow.com
320,Lambert,McCullogh,82,Male,lmccullogh8v@nydailynews.com
321,Ingaborg,MacGovern,83,Female,imacgovern8w@jalbum.net
322,Leo,Tindle,83,Male,ltindle8x@japanpost.jp
323,Husein,Koppke,65,Male,hkoppke8y@archive.org
324,Ellynn,Gartrell,75,Female,egartrell8z@aol.com
325,Andrey,Bowart,82,Male,abowart90@state.tx.us
326,Allyson,McKinstry,44,Female,amckinstry91@auda.org.au
327,Cort,Maypother,76,Male,cmaypother92@cornell.edu
328,Rachael,Tyson,20,Female,rtyson93@springer.com
329,Tami,Clinch,72,Female,tclinch94@rambler.ru
330,Gilbertina,Stoyles,24,Female,gstoyles95@pcworld.com
331,Gertrudis,Torry,27,Female,gtorry96@github.io
332,Dannel,Bowell,36,Male,dbowell97@sogou.com
333,Olivero,Bassil,26,Male,obassil98@ox.ac.uk
334,Brynna,Nolton,40,Female,bnolton99@umich.edu
335,Rubina,Selly,67,Female,rselly9a@nymag.com
336,Jo-ann,Lealle,58,Female,jlealle9b@alexa.com
337,Cross,Denecamp,18,Male,cdenecamp9c@wufoo.com
338,Ignacio,Gaskin,29,Male,igaskin9d@opensource.org
339,Raimund,Conroy,29,Male,rconroy9e@mtv.com
340,Odette,Linden,47,Female,olinden9f@ox.ac.uk
341,Kerrin,Smooth,82,Female,ksmooth9g@youtu.be
342,Kessiah,Vian,71,Female,kvian9h@npr.org
343,Mick,Le Port,56,Male,mleport9i@va.gov
344,Alvy,Tebbe,37,Male,atebbe9j@bloglines.com
345,Karlik,Rubrow,38,Male,krubrow9k@ted.com
346,Gordie,Gouly,66,Male,ggouly9l@drupal.org
347,Heather,Ganiclef,82,Female,hganiclef9m@webnode.com
348,Hortensia,Micklem,59,Female,hmicklem9n@microsoft.com
349,Anthea,Heibel,53,Female,aheibel9o@mlb.com
350,Mannie,Adamczewski,30,Male,madamczewski9p@mashable.com
351,Dionisio,Gyer,83,Male,dgyer9q@uiuc.edu
352,Hersch,Pettie,19,Male,hpettie9r@jalbum.net
353,Gradey,Randall,49,Male,grandall9s@nytimes.com
354,Karna,Treleven,30,Female,ktreleven9t@wikimedia.org
355,Naomi,D'Arrigo,70,Female,ndarrigo9u@technorati.com
356,Kattie,Endley,65,Female,kendley9v@ca.gov
357,Ernst,Ielden,24,Male,eielden9w@imdb.com
358,Farlee,Barrar,41,Male,fbarrar9x@auda.org.au
359,Iggie,Harmer,40,Male,iharmer9y@cornell.edu
360,Rahal,Dashwood,54,Female,rdashwood9z@sitemeter.com
361,Flem,Tremain,55,Male,ftremaina0@prnewswire.com
362,Kerrie,Mott,18,Female,kmotta1@whitehouse.gov
363,Roseanne,Stendell,62,Female,rstendella2@yolasite.com
364,Anica,Towse,76,Female,atowsea3@g.co
365,Harmonie,Eisenberg,28,Female,heisenberga4@indiegogo.com
366,Leontine,Le Monnier,66,Female,llemonniera5@creativecommons.org
367,Allissa,Caesmans,69,Female,acaesmansa6@typepad.com
368,Barnard,Ostrich,56,Male,bostricha7@moonfruit.com
369,Ivett,Peare,43,Female,ipearea8@washingtonpost.com
370,Debor,Jakuszewski,20,Female,djakuszewskia9@google.ru
371,Pebrook,Huband,80,Male,phubandaa@amazonaws.com
372,Wenona,MacMenamin,30,Female,wmacmenaminab@desdev.cn
373,Sara,Gaskamp,22,Female,sgaskampac@pinterest.com
374,Darla,Cantwell,55,Female,dcantwellad@google.cn
375,Eran,Lambden,44,Female,elambdenae@tamu.edu
376,Kristopher,Shepley,80,Male,kshepleyaf@hexun.com
377,Dewie,Issitt,68,Male,dissittag@twitter.com
378,Elke,Winsome,41,Female,ewinsomeah@aol.com
379,Julita,Thatcher,18,Female,jthatcherai@jiathis.com
380,Natale,Rippon,33,Male,nripponaj@virginia.edu
381,Abby,Sapshed,25,Male,asapshedak@ted.com
382,Yance,Bohlin,37,Male,ybohlinal@skyrock.com
383,Luce,Mish,35,Male,lmisham@flavors.me
384,Carleen,Goard,58,Female,cgoardan@marriott.com
385,Benedetta,Ybarra,46,Female,bybarraao@hugedomains.com
386,Mozelle,McOwen,53,Female,mmcowenap@friendfeed.com
387,Dame,Shawyers,19,Male,dshawyersaq@slashdot.org
388,Selle,Pickover,47,Female,spickoverar@seattletimes.com
389,Dyane,Prinett,55,Female,dprinettas@house.gov
390,Maude,Sandford,59,Female,msandfordat@flickr.com
391,Klement,Blondelle,62,Male,kblondelleau@alibaba.com
392,Revkah,Pettengell,26,Female,rpettengellav@java.com
393,Joey,Sola,60,Male,jsolaaw@washington.edu
394,Carey,Wheatley,34,Male,cwheatleyax@hc360.com
395,Ambrosi,Millar,53,Male,amillaray@cbc.ca
396,Uri,Henaughan,57,Male,uhenaughanaz@webeden.co.uk
397,Siana,Seldner,29,Female,sseldnerb0@comsenz.com
398,Chad,Sleath,50,Male,csleathb1@a8.net
399,Sandy,Wherry,34,Female,swherryb2@bravesites.com
400,Nicolais,Philcock,65,Male,nphilcockb3@plala.or.jp
401,Merilyn,Mollene,63,Female,mmolleneb4@csmonitor.com
402,Cornell,Waumsley,26,Male,cwaumsleyb5@storify.com
403,Ceciley,Gilkes,72,Female,cgilkesb6@pen.io
404,Danica,Pincked,50,Female,dpinckedb7@baidu.com
405,Winston,McCartan,85,Male,wmccartanb8@nasa.gov
406,Nissie,Hargerie,39,Female,nhargerieb9@uol.com.br
407,Klaus,Bartelli,39,Male,kbartelliba@guardian.co.uk
408,Warde,Beckingham,81,Male,wbeckinghambb@nbcnews.com
409,Kakalina,Otter,75,Female,kotterbc@xing.com
410,Brody,Tracy,84,Male,btracybd@slate.com
411,Ephrem,Creddon,36,Male,ecreddonbe@adobe.com
412,Port,Rooke,30,Male,prookebf@themeforest.net
413,Jamey,Grantham,68,Male,jgranthambg@mozilla.org
414,Darrell,Grime,42,Male,dgrimebh@canalblog.com
415,Renee,Houdmont,36,Female,rhoudmontbi@indiegogo.com
416,Lisha,Checcuzzi,40,Female,lcheccuzzibj@hostgator.com
417,Blanca,Tiley,18,Female,btileybk@microsoft.com
418,Consuelo,Edgell,47,Female,cedgellbl@goodreads.com
419,Shannen,Tilford,58,Female,stilfordbm@si.edu
420,Parry,Boughtwood,19,Male,pboughtwoodbn@apple.com
421,Roseanna,Newlan,77,Female,rnewlanbo@jigsy.com
422,Merna,Le Fevre,56,Female,mlefevrebp@loc.gov
423,Allx,Iddens,20,Female,aiddensbq@omniture.com
424,Tresa,Rickersey,81,Female,trickerseybr@va.gov
425,Mateo,Mingus,41,Male,mmingusbs@blinklist.com
426,Kaleena,Traut,23,Female,ktrautbt@cloudflare.com
427,Lesly,Klarzynski,52,Female,lklarzynskibu@ed.gov
428,Annette,Craufurd,27,Female,acraufurdbv@redcross.org
429,Kylila,Filipponi,79,Female,kfilipponibw@google.ru
430,Mart,Gainor,61,Male,mgainorbx@marketwatch.com
431,Melvin,Downes,48,Male,mdownesby@dedecms.com
432,Noland,Spurden,49,Male,nspurdenbz@gmpg.org
433,Maurie,Broker,64,Male,mbrokerc0@dedecms.com
434,Wanids,Hacard,39,Female,whacardc1@elpais.com
435,Munmro,Devennie,30,Male,mdevenniec2@seattletimes.com
436,Gradeigh,McManamen,30,Male,gmcmanamenc3@dmoz.org
437,Krisha,Talloe,64,Male,ktalloec4@amazon.co.jp
438,Stacee,Winterbotham,85,Female,swinterbothamc5@twitter.com
439,Mendy,Greenley,38,Male,mgreenleyc6@tmall.com
440,Franky,Dorney,50,Female,fdorneyc7@ovh.net
441,Bertrand,Ghione,45,Male,bghionec8@amazon.com
442,Mercie,McDonand,20,Female,mmcdonandc9@homestead.com
443,Giles,Leathwood,60,Male,gleathwoodca@livejournal.com
444,Hilario,Waddicor,84,Male,hwaddicorcb@google.nl
445,Magda,Akast,74,Female,makastcc@paypal.com
446,Adey,Artist,28,Female,aartistcd@jigsy.com
447,Margalo,Briatt,46,Female,mbriattce@naver.com
448,Willi,Valeri,48,Female,wvalericf@pbs.org
449,Daile,Olenikov,79,Female,dolenikovcg@so-net.ne.jp
450,Field,Nuzzi,58,Male,fnuzzich@cdbaby.com
451,Brandyn,Hearns,78,Male,bhearnsci@github.io
452,Leoline,Pickavant,65,Female,lpickavantcj@diigo.com
453,Sallyanne,Wixon,18,Female,swixonck@va.gov
454,Melamie,Dowles,73,Female,mdowlescl@chicagotribune.com
455,Orlan,Groucutt,67,Male,ogroucuttcm@about.com
456,Lezlie,Rous,39,Female,lrouscn@columbia.edu
457,Brandtr,Keneforde,25,Male,bkenefordeco@reuters.com
458,Andrew,Buckel,51,Male,abuckelcp@toplist.cz
459,Penn,Craik,69,Male,pcraikcq@about.com
460,Mario,Dyster,58,Male,mdystercr@seattletimes.com
461,Tedie,Zecchetti,80,Male,tzecchettics@sfgate.com
462,Theadora,Peddowe,34,Female,tpeddowect@bing.com
463,Bernadette,Jacklin,20,Female,bjacklincu@illinois.edu
464,Aida,Aspey,31,Female,aaspeycv@joomla.org
465,Anallese,Sexcey,18,Female,asexceycw@infoseek.co.jp
466,George,Poulden,33,Male,gpouldencx@baidu.com
467,Fanchon,Haimes,73,Female,fhaimescy@qq.com
468,Thibaut,Tomaselli,24,Male,ttomasellicz@mapquest.com
469,Quill,Daville,43,Male,qdavilled0@nhs.uk
470,Audrey,Abatelli,58,Female,aabatellid1@mashable.com
471,Jaquenette,Georges,44,Female,jgeorgesd2@seattletimes.com
472,Liana,Curle,65,Female,lcurled3@oakley.com
473,Jemmie,Nottle,31,Female,jnottled4@mlb.com
474,Drusie,Larkins,30,Female,dlarkinsd5@phoca.cz
475,Alene,McElrath,54,Female,amcelrathd6@plala.or.jp
476,Piper,Chrippes,85,Female,pchrippesd7@altervista.org
477,Veronika,Joe,84,Female,vjoed8@networksolutions.com
478,Ethe,Pulham,30,Male,epulhamd9@cargocollective.com
479,Caryn,Balling,29,Female,cballingda@cpanel.net
480,Faber,Harroway,19,Male,fharrowaydb@bizjournals.com
481,Orella,Weston,56,Female,owestondc@php.net
482,Phylys,Daniely,52,Female,pdanielydd@4shared.com
483,Adela,Petrecz,64,Female,apetreczde@mayoclinic.com
484,Cinda,Yendall,19,Female,cyendalldf@ebay.co.uk
485,Viole,Surgen,68,Female,vsurgendg@google.com.br
486,See,Keay,71,Male,skeaydh@umn.edu
487,Tybalt,Ludy,72,Male,tludydi@businesswire.com
488,Sonja,Chancellor,77,Female,schancellordj@google.cn
489,Rebe,Forsaith,22,Female,rforsaithdk@telegraph.co.uk
490,Demetris,Folley,57,Male,dfolleydl@tripod.com
491,Zebulen,Brassill,36,Male,zbrassilldm@myspace.com
492,Gavra,Thorsen,19,Female,gthorsendn@ebay.com
493,Mikey,Muggach,62,Male,mmuggachdo@slashdot.org
494,Kathryne,Alvares,51,Female,kalvaresdp@quantcast.com
495,Chadwick,Kryska,79,Male,ckryskadq@harvard.edu
496,Karolina,Bellay,24,Female,kbellaydr@tumblr.com
497,Nickolai,Kettleson,62,Male,nkettlesonds@wired.com
498,Antonino,Albert,45,Male,aalbertdt@discovery.com
499,Avivah,Blucher,75,Female,ablucherdu@cbslocal.com
500,Anna-diana,Thairs,43,Female,athairsdv@deliciousdays.com
501,Granger,Gerrad,83,Male,ggerraddw@weather.com
502,Aron,Akers,50,Male,aakersdx@etsy.com
503,Georgianne,Malam,43,Female,gmalamdy@yolasite.com
504,Modesty,Dullingham,83,Female,mdullinghamdz@google.co.jp
505,Herbert,Dillaway,51,Male,hdillawaye0@hugedomains.com
506,Lawton,Parker,38,Male,lparkere1@seesaa.net
507,Ashlee,Johannes,41,Female,ajohannese2@artisteer.com
508,Humfrid,Waplington,18,Male,hwaplingtone3@blog.com
509,Fonsie,Castles,30,Male,fcastlese4@uol.com.br
510,Danyelle,Bellworthy,67,Female,dbellworthye5@usnews.com
511,Alejandro,Deller,78,Male,adellere6@imgur.com
512,Abbott,Heaselgrave,77,Male,aheaselgravee7@bbb.org
513,Star,Fasset,80,Female,sfassete8@4shared.com
514,Lucien,Emes,49,Male,lemese9@theatlantic.com
515,Lyon,Sebrook,73,Male,lsebrookea@yahoo.com
516,Consolata,McNulty,47,Female,cmcnultyeb@whitehouse.gov
517,Eleni,Martinec,82,Female,emartinecec@eepurl.com
518,Vitoria,Smees,66,Female,vsmeesed@hostgator.com
519,Hazel,Morrowe,75,Male,hmorroweee@army.mil
520,Rebeka,Dolan,81,Female,rdolanef@mac.com
521,Alessandra,Rabl,20,Female,arableg@squarespace.com
522,Allister,Brawson,42,Male,abrawsoneh@chronoengine.com
523,Simeon,Scrimshaw,34,Male,sscrimshawei@jiathis.com
524,Faina,Morshead,18,Female,fmorsheadej@woothemes.com
525,Muhammad,Farndale,30,Male,mfarndaleek@rambler.ru
526,Carmen,Natte,66,Female,cnatteel@wikispaces.com
527,Annabell,Witton,18,Female,awittonem@wiley.com
528,Abe,Gard,36,Male,agarden@wp.com
529,Lenka,Pinnock,59,Female,lpinnockeo@cafepress.com
530,Howie,Jopp,82,Male,hjoppep@tumblr.com
531,Marquita,Fearfull,81,Female,mfearfulleq@trellian.com
532,Noella,Pulver,18,Female,npulverer@baidu.com
533,Garry,Ovitts,62,Male,govittses@fda.gov
534,Valerye,Kemwal,78,Female,vkemwalet@hubpages.com
535,Gunter,Peplaw,62,Male,gpeplaweu@gov.uk
536,Steve,Hessing,60,Male,shessingev@archive.org
537,Christen,Gomme,29,Female,cgommeew@photobucket.com
538,Trixi,Winton,76,Female,twintonex@creativecommons.org
539,Wally,Cordelet,78,Female,wcordeletey@pcworld.com
540,Erv,Pardal,66,Male,epardalez@virginia.edu
541,Reagan,McIlenna,39,Male,rmcilennaf0@youtube.com
542,Gabbie,Peasegood,48,Male,gpeasegoodf1@biblegateway.com
543,Scottie,Scola,48,Male,sscolaf2@twitter.com
544,Ivory,Goligher,37,Female,igoligherf3@webeden.co.uk
545,Job,Carse,61,Male,jcarsef4@google.it
546,Vladimir,Franke,74,Male,vfrankef5@house.gov
547,Elayne,Eilers,63,Female,eeilersf6@dot.gov
548,Coleen,Leach,45,Female,cleachf7@businessinsider.com
549,Arleyne,Haseldine,21,Female,ahaseldinef8@usda.gov
550,Clementine,Squeers,68,Female,csqueersf9@list-manage.com
551,Jerrold,Boutflour,71,Male,jboutflourfa@ed.gov
552,Deeyn,Burtwhistle,18,Female,dburtwhistlefb@amazonaws.com
553,Peggie,Snashall,35,Female,psnashallfc@bandcamp.com
554,Quintilla,Kench,50,Female,qkenchfd@google.it
555,Faunie,Cristofolo,76,Female,fcristofolofe@omniture.com
556,Corrie,Nelsey,85,Male,cnelseyff@github.io
557,Madlin,Killough,53,Female,mkilloughfg@tmall.com
558,Norene,Turmell,50,Female,nturmellfh@diigo.com
559,Fania,Mecco,65,Female,fmeccofi@tumblr.com
560,Carley,Yuranovev,54,Female,cyuranovevfj@seesaa.net
561,Carree,Biglin,27,Female,cbiglinfk@census.gov
562,Berthe,Laurenson,67,Female,blaurensonfl@ebay.co.uk
563,Florella,Dumberell,50,Female,fdumberellfm@miibeian.gov.cn
564,Arv,Pleager,29,Male,apleagerfn@google.ca
565,Harvey,Cicchinelli,39,Male,hcicchinellifo@gov.uk
566,Vale,Shovlin,85,Male,vshovlinfp@artisteer.com
567,Cos,Beckett,42,Male,cbeckettfq@cloudflare.com
568,Vance,Lakin,85,Male,vlakinfr@sciencedaily.com
569,Lusa,Pigdon,18,Female,lpigdonfs@dailymotion.com
570,Brenn,Grenville,73,Female,bgrenvilleft@yandex.ru
571,Walker,MacCombe,65,Male,wmaccombefu@arstechnica.com
572,Wenonah,Speedin,62,Female,wspeedinfv@wufoo.com
573,Briant,Wharf,50,Male,bwharffw@whitehouse.gov
574,Alyse,Scoggins,34,Female,ascogginsfx@telegraph.co.uk
575,Bibi,Geldart,40,Female,bgeldartfy@deliciousdays.com
576,My,Christon,52,Male,mchristonfz@virginia.edu
577,Nancy,Eacott,76,Female,neacottg0@admin.ch
578,Cristi,Downton,21,Female,cdowntong1@jimdo.com
579,Janetta,Stanyan,71,Female,jstanyang2@netvibes.com
580,Ceil,Judgkins,22,Female,cjudgkinsg3@w3.org
581,Lyndsey,Tue,84,Female,ltueg4@walmart.com
582,Desmond,Sanz,78,Male,dsanzg5@uol.com.br
583,Augusta,Lys,48,Female,alysg6@washingtonpost.com
584,Freda,Hemmingway,53,Female,fhemmingwayg7@mediafire.com
585,Ruth,Bezant,48,Female,rbezantg8@csmonitor.com
586,Hugh,Yare,75,Male,hyareg9@noaa.gov
587,Liam,Izon,63,Male,lizonga@indiegogo.com
588,Stephi,Whitehurst,30,Female,swhitehurstgb@opera.com
589,Roz,Mandres,40,Female,rmandresgc@livejournal.com
590,Adriana,Lessmare,53,Female,alessmaregd@google.es
591,Ignazio,Danslow,39,Male,idanslowge@ucla.edu
592,Richmond,Tissiman,53,Male,rtissimangf@joomla.org
593,Teena,Yellowlea,74,Female,tyellowleagg@addtoany.com
594,Luella,Hinrich,70,Female,lhinrichgh@bandcamp.com
595,Tybalt,Cossum,51,Male,tcossumgi@fc2.com
596,Shelden,Rides,61,Male,sridesgj@delicious.com
597,Lyndsay,Agge,59,Female,laggegk@unc.edu
598,Vilhelmina,Mawman,62,Female,vmawmangl@deviantart.com
599,Codi,Mieville,79,Female,cmievillegm@smh.com.au
600,Ernst,Garey,51,Male,egareygn@comsenz.com
601,Sascha,Galler,39,Female,sgallergo@pcworld.com
602,Carroll,Godridge,67,Female,cgodridgegp@vkontakte.ru
603,Con,Blewett,44,Male,cblewettgq@hostgator.com
604,Lorin,Jaquet,72,Male,ljaquetgr@bing.com
605,Maggy,Trehearne,31,Female,mtrehearnegs@samsung.com
606,Corbin,Forsaith,52,Male,cforsaithgt@ocn.ne.jp
607,Yorgo,Addams,52,Male,yaddamsgu@google.de
608,Dana,Londing,45,Female,dlondinggv@biblegateway.com
609,Annetta,Bohlin,41,Female,abohlingw@elpais.com
610,Ayn,O' Mullane,34,Female,aomullanegx@marketwatch.com
611,Evita,Dunderdale,64,Female,edunderdalegy@toplist.cz
612,Jackie,Milley,56,Female,jmilleygz@globo.com
613,Geneva,Winsper,21,Female,gwinsperh0@icio.us
614,Lindsay,Mathevet,36,Male,lmatheveth1@de.vu
615,Lynn,Cordey,51,Female,lcordeyh2@stumbleupon.com
616,Gena,Thrift,44,Female,gthrifth3@blogspot.com
617,Barbette,Dawdry,85,Female,bdawdryh4@posterous.com
618,Karil,Bradforth,64,Female,kbradforthh5@washington.edu
619,Abe,Cutler,44,Male,acutlerh6@google.fr
620,Fonsie,Drysdale,25,Male,fdrysdaleh7@mit.edu
621,Sephira,Stubbins,85,Female,sstubbinsh8@businesswire.com
622,Celka,Guite,41,Female,cguiteh9@ask.com
623,Hewett,Finnie,34,Male,hfinnieha@wufoo.com
624,Pablo,Bordes,24,Male,pbordeshb@reuters.com
625,Beatrix,Treagus,55,Female,btreagushc@is.gd
626,Robenia,Gascard,67,Female,rgascardhd@cisco.com
627,Shaylyn,Chillcot,21,Female,schillcothe@nbcnews.com
628,Chancey,Kuscha,53,Male,ckuschahf@alibaba.com
629,Valentine,Knapman,81,Male,vknapmanhg@ucla.edu
630,Diane,Milhench,85,Female,dmilhenchhh@europa.eu
631,Dill,Mewrcik,24,Male,dmewrcikhi@usgs.gov
632,Jase,Whitter,62,Male,jwhitterhj@epa.gov
633,Kerby,Grotty,64,Male,kgrottyhk@51.la
634,Emanuele,Chene,67,Male,echenehl@macromedia.com
635,Codie,Rydzynski,44,Male,crydzynskihm@fc2.com
636,Fiann,Eam,63,Female,feamhn@lycos.com
637,Ambrosi,Tutchener,28,Male,atutchenerho@adobe.com
638,Margarette,Rainford,29,Female,mrainfordhp@woothemes.com
639,Aaron,Mosdall,74,Male,amosdallhq@woothemes.com
640,Lynett,Sandever,36,Female,lsandeverhr@stanford.edu
641,Dyna,Crellim,30,Female,dcrellimhs@free.fr
642,Olympia,Gornar,36,Female,ogornarht@over-blog.com
643,Lula,Ferrea,41,Female,lferreahu@reference.com
644,Sharyl,Bonifazio,59,Female,sbonifaziohv@goo.ne.jp
645,Nell,Stanway,56,Female,nstanwayhw@time.com
646,Irwinn,Bedborough,28,Male,ibedboroughhx@plala.or.jp
647,Adrianna,Beathem,72,Female,abeathemhy@github.io
648,Fleur,Stanbury,22,Female,fstanburyhz@dailymotion.com
649,Ellary,Surgison,55,Male,esurgisoni0@google.com
650,Sal,O' Liddy,46,Male,soliddyi1@cnbc.com
651,Caterina,Ealles,71,Female,ceallesi2@cisco.com
652,Carter,Derrington,63,Male,cderringtoni3@guardian.co.uk
653,Georgeta,MacKeeg,39,Female,gmackeegi4@amazon.de
654,Cahra,Chasemore,61,Female,cchasemorei5@imdb.com
655,Yorgos,Blatchford,65,Male,yblatchfordi6@g.co
656,Tucker,Musterd,27,Male,tmusterdi7@mac.com
657,Sigismund,Richings,37,Male,srichingsi8@microsoft.com
658,Perle,Kells,60,Female,pkellsi9@multiply.com
659,Darbee,Starrs,32,Male,dstarrsia@chronoengine.com
660,D'arcy,Glenister,22,Male,dglenisterib@google.ca
661,Rebe,Sobieski,36,Female,rsobieskiic@soundcloud.com
662,Lilias,Jillins,73,Female,ljillinsid@stumbleupon.com
663,Fifi,Uphill,71,Female,fuphillie@imdb.com
664,Eleanore,Chadwen,27,Female,echadwenif@prnewswire.com
665,Pieter,Erratt,71,Male,perrattig@apple.com
666,Andeee,Vasiliev,78,Female,avasilievih@forbes.com
667,Libbey,Bagnold,84,Female,lbagnoldii@biblegateway.com
668,Ursa,Jillett,40,Female,ujillettij@yellowbook.com
669,Rozalin,Eustis,20,Female,reustisik@engadget.com
670,Ashbey,Castelletti,80,Male,acastellettiil@unblog.fr
671,Kingsly,Maylour,52,Male,kmaylourim@paginegialle.it
672,Valentino,Brahams,21,Male,vbrahamsin@webs.com
673,Saw,Spencock,70,Male,sspencockio@nasa.gov
674,Gabriello,Bassano,76,Male,gbassanoip@newyorker.com
675,Farly,Ballantyne,83,Male,fballantyneiq@yandex.ru
676,Dmitri,Girone,85,Male,dgironeir@jimdo.com
677,Henrik,Symington,32,Male,hsymingtonis@soup.io
678,Anatollo,Lamburne,64,Male,alamburneit@cnn.com
679,Burch,Barlas,41,Male,bbarlasiu@uiuc.edu
680,Lanie,Naris,37,Male,lnarisiv@hatena.ne.jp
681,Allys,Treagus,29,Female,atreagusiw@imageshack.us
682,Hamilton,Hassen,81,Male,hhassenix@cafepress.com
683,Nadia,Haberfield,53,Female,nhaberfieldiy@census.gov
684,Elsie,Fominov,31,Female,efominoviz@newyorker.com
685,Margi,Lombardo,33,Female,mlombardoj0@ask.com
686,Barbey,Evensden,70,Female,bevensdenj1@over-blog.com
687,Nanny,Cobelli,46,Female,ncobellij2@goo.ne.jp
688,Hansiain,Misson,40,Male,hmissonj3@booking.com
689,Rosamond,Dykas,47,Female,rdykasj4@ox.ac.uk
690,Fidela,Wyborn,64,Female,fwybornj5@edublogs.org
691,Dannie,Wetherald,24,Female,dwetheraldj6@princeton.edu
692,Rodrigo,Clyde,56,Male,rclydej7@telegraph.co.uk
693,Angie,Greber,22,Male,agreberj8@devhub.com
694,Mar,Abramovitz,47,Male,mabramovitzj9@tinyurl.com
695,Norah,Rubega,70,Female,nrubegaja@clickbank.net
696,Colver,Chritchlow,67,Male,cchritchlowjb@engadget.com
697,Derrek,Twigger,80,Male,dtwiggerjc@bizjournals.com
698,Elberta,Chivers,68,Female,echiversjd@mediafire.com
699,Celene,Hurdidge,77,Female,churdidgeje@amazon.com
700,Skippy,Stronack,50,Male,sstronackjf@stumbleupon.com
701,Josefina,Millmoe,57,Female,jmillmoejg@csmonitor.com
702,Salli,Fruser,25,Female,sfruserjh@time.com
703,Marijn,Duffitt,46,Male,mduffittji@hatena.ne.jp
704,Worthington,Brockest,82,Male,wbrockestjj@msu.edu
705,Renado,Hadrill,44,Male,rhadrilljk@jugem.jp
706,Camille,Stronack,71,Female,cstronackjl@flickr.com
707,Joana,Lilian,67,Female,jlilianjm@shop-pro.jp
708,Virgina,Shobbrook,40,Female,vshobbrookjn@yolasite.com
709,Michal,Jarmaine,79,Male,mjarmainejo@businesswire.com
710,Joshuah,Reith,79,Male,jreithjp@miitbeian.gov.cn
711,Gunar,Aronow,73,Male,garonowjq@smugmug.com
712,Jillayne,Brayn,29,Female,jbraynjr@ameblo.jp
713,Saundra,Tittershill,82,Male,stittershilljs@netlog.com
714,Dasya,Quinnelly,19,Female,dquinnellyjt@washingtonpost.com
715,Laure,Bowcock,78,Female,lbowcockju@usda.gov
716,Sile,Kopelman,57,Female,skopelmanjv@shop-pro.jp
717,Alf,Brok,85,Male,abrokjw@prweb.com
718,Jamesy,Izatson,20,Male,jizatsonjx@umn.edu
719,Rita,Woolfenden,20,Female,rwoolfendenjy@comcast.net
720,Eldon,Icke,79,Male,eickejz@phoca.cz
721,Xenos,Pasterfield,43,Male,xpasterfieldk0@gnu.org
722,Adriana,Malt,53,Female,amaltk1@tamu.edu
723,Elisabet,Roft,62,Female,eroftk2@arstechnica.com
724,Aubrie,Briddle,70,Female,abriddlek3@wiley.com
725,Dolly,Skilton,35,Female,dskiltonk4@prlog.org
726,Donnie,Fawloe,34,Female,dfawloek5@bandcamp.com
727,Jori,Gyrgorwicx,41,Female,jgyrgorwicxk6@github.com
728,Zeke,Josland,65,Male,zjoslandk7@tripod.com
729,Troy,Ceeley,57,Male,tceeleyk8@mozilla.com
730,Orren,Domingues,53,Male,odominguesk9@bloglovin.com
731,Giles,Cuphus,57,Male,gcuphuska@alibaba.com
732,Lock,Marfell,24,Male,lmarfellkb@auda.org.au
733,Colan,Seefeldt,35,Male,cseefeldtkc@state.gov
734,Brinn,Andrysiak,25,Female,bandrysiakkd@epa.gov
735,Danny,Gamil,36,Female,dgamilke@si.edu
736,Lilla,Kasper,83,Female,lkasperkf@oakley.com
737,Ignatius,Schindler,46,Male,ischindlerkg@icio.us
738,Justin,Adger,20,Male,jadgerkh@cloudflare.com
739,Wain,Blader,33,Male,wbladerki@reddit.com
740,Winston,Luca,22,Male,wlucakj@whitehouse.gov
741,Benjamen,MacCaull,52,Male,bmaccaullkk@discuz.net
742,Vonni,Counter,70,Female,vcounterkl@ft.com
743,Mollie,Neller,44,Female,mnellerkm@intel.com
744,Malia,Sadler,32,Female,msadlerkn@nba.com
745,Celine,Byham,43,Female,cbyhamko@prweb.com
746,Heddie,Morfett,82,Female,hmorfettkp@sciencedaily.com
747,Leonore,Hattoe,19,Female,lhattoekq@merriam-webster.com
748,Shelley,Kelmere,59,Male,skelmerekr@marketwatch.com
749,Iago,Negus,27,Male,inegusks@qq.com
750,Fiorenze,Wybrew,63,Female,fwybrewkt@nhs.uk
751,Chrissie,Audenis,50,Female,caudenisku@moonfruit.com
752,Aundrea,Nodes,81,Female,anodeskv@indiatimes.com
753,Noah,Castiglio,44,Male,ncastigliokw@paginegialle.it
754,Barris,Birchall,74,Male,bbirchallkx@google.ca
755,Lorna,Jakes,58,Female,ljakesky@yellowpages.com
756,Leif,Prest,34,Male,lprestkz@so-net.ne.jp
757,Eolande,Hultberg,81,Female,ehultbergl0@weather.com
758,Emile,Ickovic,57,Male,eickovicl1@china.com.cn
759,Jonathon,Hemstead,32,Male,jhemsteadl2@japanpost.jp
760,Lonny,Ayree,46,Male,layreel3@hugedomains.com
761,D'arcy,Mantione,76,Male,dmantionel4@google.co.jp
762,Urbano,Ploughwright,80,Male,uploughwrightl5@wsj.com
763,Briant,Labroue,85,Male,blabrouel6@nymag.com
764,Janaya,Joy,48,Female,jjoyl7@csmonitor.com
765,Anabal,Ridge,85,Female,aridgel8@bbc.co.uk
766,Marcellus,Lummus,85,Male,mlummusl9@cbc.ca
767,Glenda,Banham,18,Female,gbanhamla@oakley.com
768,Meyer,Ivory,82,Male,mivorylb@barnesandnoble.com
769,Selina,Waldrum,58,Female,swaldrumlc@altervista.org
770,Giselbert,Coffin,18,Male,gcoffinld@exblog.jp
771,Doreen,Organ,37,Female,dorganle@tripadvisor.com
772,Solly,Dawidowsky,64,Male,sdawidowskylf@ask.com
773,Starlin,Spavins,83,Female,sspavinslg@wufoo.com
774,Quinta,Storres,47,Female,qstorreslh@salon.com
775,Hunfredo,Weetch,76,Male,hweetchli@imageshack.us
776,Orin,Cullingford,54,Male,ocullingfordlj@edublogs.org
777,Piper,Klesel,79,Female,pklesellk@hhs.gov
778,Omar,Cobb,47,Male,ocobbll@engadget.com
779,Wiatt,Pellman,59,Male,wpellmanlm@nymag.com
780,Prince,Shower,58,Male,pshowerln@bloomberg.com
781,Rainer,Serrier,46,Male,rserrierlo@bing.com
782,Clarke,Brolechan,59,Male,cbrolechanlp@mapquest.com
783,Delphinia,Musicka,44,Female,dmusickalq@foxnews.com
784,Nappie,Tregoning,57,Male,ntregoninglr@usgs.gov
785,Rudie,Gaughan,22,Male,rgaughanls@soup.io
786,Wilbur,Rainy,54,Male,wrainylt@dmoz.org
787,Aurea,Gaskoin,65,Female,agaskoinlu@stanford.edu
788,Meris,Nicholas,68,Female,mnicholaslv@nasa.gov
789,Merrily,Zucker,56,Female,mzuckerlw@berkeley.edu
790,Moises,Groveham,19,Male,mgrovehamlx@prweb.com
791,Oran,Shipway,68,Male,oshipwayly@mayoclinic.com
792,Malissa,Treslove,20,Female,mtreslovelz@bloglovin.com
793,Cornelius,Ager,22,Male,cagerm0@census.gov
794,Natalie,Chew,26,Female,nchewm1@hao123.com
795,Tisha,Youel,23,Female,tyouelm2@paypal.com
796,Lacy,Matches,82,Female,lmatchesm3@wikimedia.org
797,Dorry,Scholefield,84,Female,dscholefieldm4@google.de
798,Shanta,Tipple,18,Female,stipplem5@theguardian.com
799,Mia,Allabush,77,Female,mallabushm6@addtoany.com
800,Thomas,Glossop,55,Male,tglossopm7@hhs.gov
801,Erasmus,Conquer,58,Male,econquerm8@miibeian.gov.cn
802,Colette,Frake,71,Female,cfrakem9@mit.edu
803,Wernher,Bixley,57,Male,wbixleyma@netlog.com
804,Virge,Strognell,33,Male,vstrognellmb@huffingtonpost.com
805,Delphinia,Jimes,81,Female,djimesmc@jalbum.net
806,Ephrem,Treat,70,Male,etreatmd@ca.gov
807,Judah,Saundercock,48,Male,jsaundercockme@gov.uk
808,Vivie,Blew,48,Female,vblewmf@mail.ru
809,Levon,Tumayan,61,Male,ltumayanmg@pen.io
810,Loree,McAllen,27,Female,lmcallenmh@domainmarket.com
811,Shayne,Goligher,32,Female,sgolighermi@clickbank.net
812,Calhoun,Silbersak,68,Male,csilbersakmj@goodreads.com
813,Aggi,Bysshe,41,Female,abysshemk@digg.com
814,Annabel,Dorset,30,Female,adorsetml@narod.ru
815,Millisent,Ledwitch,56,Female,mledwitchmm@weather.com
816,Ewan,Tremelling,65,Male,etremellingmn@amazon.co.uk
817,Irvine,Clawsley,69,Male,iclawsleymo@friendfeed.com
818,Edee,Lidgley,63,Female,elidgleymp@so-net.ne.jp
819,Armin,Bosworth,79,Male,abosworthmq@sourceforge.net
820,Chandler,Bridgland,21,Male,cbridglandmr@geocities.com
821,Jerad,Benedicte,19,Male,jbenedictems@mayoclinic.com
822,Clyde,Streeting,39,Male,cstreetingmt@ovh.net
823,Tiffy,Duester,68,Female,tduestermu@java.com
824,Pebrook,Dannehl,47,Male,pdannehlmv@pbs.org
825,Lainey,Kiloh,37,Female,lkilohmw@drupal.org
826,Mordecai,Ingleson,25,Male,minglesonmx@lycos.com
827,Thatch,Harburtson,73,Male,tharburtsonmy@goo.gl
828,Minni,Castelin,81,Female,mcastelinmz@soup.io
829,Anson,Budnik,27,Male,abudnikn0@hexun.com
830,Berty,Gason,59,Male,bgasonn1@hibu.com
831,Ailey,Bockin,49,Female,abockinn2@addthis.com
832,Otis,Cornfoot,64,Male,ocornfootn3@cdbaby.com
833,Darren,Walsh,43,Male,dwalshn4@freewebs.com
834,Ronald,Grene,81,Male,rgrenen5@howstuffworks.com
835,Lilla,Kestle,33,Female,lkestlen6@indiegogo.com
836,Sandra,Ogger,32,Female,soggern7@toplist.cz
837,Enid,Dalling,36,Female,edallingn8@dagondesign.com
838,Emery,Mayes,85,Male,emayesn9@usatoday.com
839,Calla,Hallatt,23,Female,challattna@ask.com
840,Otes,Rozet,20,Male,orozetnb@nasa.gov
841,Oswald,Pettinger,40,Male,opettingernc@histats.com
842,Cynthy,Willwood,77,Female,cwillwoodnd@shinystat.com
843,Denna,Angus,69,Female,dangusne@ox.ac.uk
844,Fremont,Rutt,60,Male,fruttnf@sfgate.com
845,Maximilien,Earwaker,56,Male,mearwakerng@digg.com
846,Hilario,Caw,67,Male,hcawnh@jugem.jp
847,Phillipp,Hollyer,53,Male,phollyerni@free.fr
848,Mersey,Andrich,60,Female,mandrichnj@gmpg.org
849,Teddie,Wadlow,82,Female,twadlownk@example.com
850,Rowland,Jaskiewicz,63,Male,rjaskiewicznl@cyberchimps.com
851,Nickolaus,Dorow,83,Male,ndorownm@diigo.com
852,Claiborne,Pizer,79,Male,cpizernn@howstuffworks.com
853,Marius,Ruckledge,75,Male,mruckledgeno@bloomberg.com
854,Rafaela,Trevenu,68,Female,rtrevenunp@slideshare.net
855,Morry,Corroyer,19,Male,mcorroyernq@sogou.com
856,Anthiathia,Loins,23,Female,aloinsnr@bing.com
857,Zach,Onraet,41,Male,zonraetns@patch.com
858,Ruthie,Reichelt,45,Female,rreicheltnt@paypal.com
859,Archer,Enrigo,40,Male,aenrigonu@java.com
860,Frannie,Stichel,35,Male,fstichelnv@state.tx.us
861,Amalea,Axelbey,71,Female,aaxelbeynw@clickbank.net
862,Aurora,Stegell,67,Female,astegellnx@dyndns.org
863,Grover,Waymont,69,Male,gwaymontny@mozilla.org
864,Randolph,Pochin,58,Male,rpochinnz@ed.gov
865,Gay,Cragell,61,Female,gcragello0@github.io
866,Shanda,Sands-Allan,58,Female,ssandsallano1@illinois.edu
867,Stanislaw,Twede,59,Male,stwedeo2@addtoany.com
868,Artair,Fogarty,41,Male,afogartyo3@walmart.com
869,Ancell,Pinock,76,Male,apinocko4@fastcompany.com
870,Hersh,Strettell,37,Male,hstrettello5@nature.com
871,Javier,Mancer,59,Male,jmancero6@nasa.gov
872,Gustavo,Sibthorpe,84,Male,gsibthorpeo7@un.org
873,Hally,Pitford,45,Female,hpitfordo8@reddit.com
874,Pet,Carey,62,Female,pcareyo9@cnet.com
875,Ileane,Ratcliffe,22,Female,iratcliffeoa@com.com
876,Suzann,Challen,74,Female,schallenob@xinhuanet.com
877,Lorilyn,Elms,82,Female,lelmsoc@wunderground.com
878,Pavlov,Cooch,62,Male,pcoochod@cnn.com
879,Lyman,Shepherdson,72,Male,lshepherdsonoe@fema.gov
880,Biron,Greenwood,82,Male,bgreenwoodof@yahoo.co.jp
881,Aura,Harmeston,40,Female,aharmestonog@blogspot.com
882,Akim,Caveau,68,Male,acaveauoh@ucla.edu
883,Janek,Archell,23,Male,jarchelloi@state.tx.us
884,Fabien,Vannoni,57,Male,fvannonioj@slashdot.org
885,Hewet,Meenehan,84,Male,hmeenehanok@mapy.cz
886,Dalis,Gregory,23,Male,dgregoryol@stumbleupon.com
887,Charlena,Turford,42,Female,cturfordom@narod.ru
888,Nikaniki,Skain,25,Female,nskainon@diigo.com
889,Pieter,Sherrott,18,Male,psherrottoo@g.co
890,Beverly,Mandrier,80,Female,bmandrierop@sfgate.com
891,Bud,Buchanan,44,Male,bbuchananoq@merriam-webster.com
892,Ali,Toon,19,Male,atoonor@patch.com
893,Arri,Stubbe,54,Male,astubbeos@reference.com
894,Lidia,Dredge,78,Female,ldredgeot@xrea.com
895,Tiena,Prandy,58,Female,tprandyou@sogou.com
896,Marquita,Dunford,76,Female,mdunfordov@163.com
897,Randall,Bootell,55,Male,rbootellow@disqus.com
898,Quentin,Corrao,67,Male,qcorraoox@booking.com
899,Cicily,Blaker,24,Female,cblakeroy@icq.com
900,Norah,McKnockiter,71,Female,nmcknockiteroz@wsj.com
901,Lazare,Yukhnevich,50,Male,lyukhnevichp0@4shared.com
902,Cross,Sawley,75,Male,csawleyp1@stanford.edu
903,Ingrim,Westpfel,62,Male,iwestpfelp2@google.pl
904,Ronalda,Kieran,22,Female,rkieranp3@redcross.org
905,Krissy,Loads,39,Female,kloadsp4@icq.com
906,Trula,Diaper,36,Female,tdiaperp5@themeforest.net
907,Ulrike,Oland,54,Female,uolandp6@joomla.org
908,Gayelord,Aylett,45,Male,gaylettp7@zimbio.com
909,Helene,Timmermann,42,Female,htimmermannp8@comcast.net
910,Dilly,Simenet,21,Male,dsimenetp9@google.fr
911,Phedra,Benardette,27,Female,pbenardettepa@prnewswire.com
912,Dotti,Gibbonson,36,Female,dgibbonsonpb@linkedin.com
913,Hillie,Haskins,56,Male,hhaskinspc@sciencedaily.com
914,Hetty,Gepp,71,Female,hgepppd@nytimes.com
915,Dyanne,Densie,75,Female,ddensiepe@fda.gov
916,Colleen,Dacres,77,Female,cdacrespf@mozilla.org
917,Doti,Bart,85,Female,dbartpg@amazon.com
918,Lucila,Pellitt,23,Female,lpellittph@ebay.co.uk
919,Margaret,Swatton,63,Female,mswattonpi@furl.net
920,Hana,Dykas,69,Female,hdykaspj@over-blog.com
921,Lexis,Presdie,85,Female,lpresdiepk@theguardian.com
922,Leonerd,Healing,67,Male,lhealingpl@jimdo.com
923,Adams,Satchell,32,Male,asatchellpm@epa.gov
924,Francisco,Wimlett,79,Male,fwimlettpn@photobucket.com
925,Ainsley,Lamyman,69,Female,alamymanpo@parallels.com
926,Rickie,Chaudron,68,Male,rchaudronpp@vk.com
927,Ailsun,Hawke,21,Female,ahawkepq@nifty.com
928,Dusty,Petford,67,Female,dpetfordpr@oakley.com
929,Meade,Maddick,23,Male,mmaddickps@mapquest.com
930,Karylin,Livermore,54,Female,klivermorept@theatlantic.com
931,Lolita,Scrafton,59,Female,lscraftonpu@examiner.com
932,Rudiger,Dunklee,56,Male,rdunkleepv@joomla.org
933,Gerty,Acory,51,Female,gacorypw@kickstarter.com
934,Luce,Pughe,58,Male,lpughepx@delicious.com
935,Missie,Burwell,76,Female,mburwellpy@cdbaby.com
936,Huntlee,Cathery,36,Male,hcatherypz@harvard.edu
937,Papageno,Salliere,82,Male,psalliereq0@senate.gov
938,Gare,Haggart,66,Male,ghaggartq1@diigo.com
939,Barris,Kordova,30,Male,bkordovaq2@ca.gov
940,Prescott,Lumbers,50,Male,plumbersq3@topsy.com
941,Gerrie,Windows,21,Male,gwindowsq4@sitemeter.com
942,Valentina,Forster,57,Female,vforsterq5@adobe.com
943,Ingeberg,Sillito,43,Female,isillitoq6@dagondesign.com
944,Oren,Harverson,28,Male,oharversonq7@imageshack.us
945,Emiline,Harrowing,64,Female,eharrowingq8@fema.gov
946,Sherrie,Rodolf,72,Female,srodolfq9@behance.net
947,Hugo,Benadette,80,Male,hbenadetteqa@clickbank.net
948,Dionisio,Jovicic,79,Male,djovicicqb@vimeo.com
949,Lynn,Catmull,84,Female,lcatmullqc@phoca.cz
950,Alysa,McFater,18,Female,amcfaterqd@timesonline.co.uk
951,Maye,Rubinov,45,Female,mrubinovqe@shutterfly.com
952,Thom,Izaks,72,Male,tizaksqf@guardian.co.uk
953,Jami,Casterton,23,Female,jcastertonqg@ning.com
954,Luca,Menchenton,64,Male,lmenchentonqh@wikispaces.com
955,Rodi,Delacroix,32,Female,rdelacroixqi@youku.com
956,Elvyn,Nevill,63,Male,enevillqj@odnoklassniki.ru
957,Ashlie,Cresar,22,Female,acresarqk@reuters.com
958,Paxon,O'Hone,28,Male,pohoneql@google.de
959,Tiffanie,Levensky,81,Female,tlevenskyqm@storify.com
960,Dicky,Cozzi,79,Male,dcozziqn@tinypic.com
961,Zedekiah,MacCaffery,59,Male,zmaccafferyqo@zdnet.com
962,Geri,Jori,18,Male,gjoriqp@wp.com
963,Silvain,Trenam,71,Male,strenamqq@unicef.org
964,Marchelle,Corriea,46,Female,mcorrieaqr@surveymonkey.com
965,Vivi,Dowson,37,Female,vdowsonqs@elegantthemes.com
966,Pansie,Youson,53,Female,pyousonqt@t-online.de
967,Dulcine,Schneidau,57,Female,dschneidauqu@wordpress.com
968,Gustav,Skain,49,Male,gskainqv@uiuc.edu
969,Ermina,Chalice,66,Female,echaliceqw@gmpg.org
970,Bee,Merry,33,Female,bmerryqx@creativecommons.org
971,Vidovik,McGilvra,65,Male,vmcgilvraqy@artisteer.com
972,Suzy,Howton,21,Female,showtonqz@prlog.org
973,Ardisj,Donohoe,37,Female,adonohoer0@wikimedia.org
974,Allister,Giacomazzo,23,Male,agiacomazzor1@slashdot.org
975,Brok,Burdin,82,Male,bburdinr2@dot.gov
976,Tobey,Yexley,22,Female,tyexleyr3@jimdo.com
977,Barbee,Burley,29,Female,bburleyr4@accuweather.com
978,Caty,Guage,28,Female,cguager5@nsw.gov.au
979,Elena,Streader,69,Female,estreaderr6@unesco.org
980,Goddard,Farrin,31,Male,gfarrinr7@networkadvertising.org
981,Sibelle,Trees,74,Female,streesr8@tuttocitta.it
982,Adolph,Rosentholer,64,Male,arosentholerr9@tamu.edu
983,Sinclair,Wiggett,69,Male,swiggettra@live.com
984,Gay,Sebley,59,Female,gsebleyrb@fastcompany.com
985,Dirk,Binks,47,Male,dbinksrc@google.de
986,Orv,Merrydew,61,Male,omerrydewrd@netscape.com
987,Jonie,Bentinck,64,Female,jbentinckre@spiegel.de
988,Royall,Babin,29,Male,rbabinrf@aol.com
989,Ralina,Yeulet,41,Female,ryeuletrg@sun.com
990,Marcus,Liggett,35,Male,mliggettrh@printfriendly.com
991,Joel,Battell,36,Male,jbattellri@omniture.com
992,Evangelina,Doudney,38,Female,edoudneyrj@dell.com
993,Rivalee,Kingsly,60,Female,rkingslyrk@xinhuanet.com
994,Danella,Faughey,41,Female,dfaugheyrl@apple.com
995,Moe,Dawidsohn,77,Male,mdawidsohnrm@yelp.com
996,Marja,Parres,57,Female,mparresrn@tmall.com
997,Cy,Bellon,61,Male,cbellonro@netvibes.com
998,Spencer,Codron,77,Male,scodronrp@elegantthemes.com
999,Chickie,Punt,47,Female,cpuntrq@hexun.com
1000,Biddy,Aulds,24,Female,bauldsrr@wordpress.org
